{
  "Indian Data" : {
    "transaction" : "Indian Data",
    "sampleCount" : 100,
    "errorCount" : 0,
    "errorPct" : 0.0,
    "meanResTime" : 79.90999999999998,
    "medianResTime" : 70.0,
    "minResTime" : 59.0,
    "maxResTime" : 200.0,
    "pct1ResTime" : 117.80000000000001,
    "pct2ResTime" : 119.0,
    "pct3ResTime" : 199.71999999999986,
    "throughput" : 12.737230925996688,
    "receivedKBytesPerSec" : 15.00107470385938,
    "sentKBytesPerSec" : 2.3384759903197043
  },
  "Total" : {
    "transaction" : "Total",
    "sampleCount" : 400,
    "errorCount" : 0,
    "errorPct" : 0.0,
    "meanResTime" : 205.3775000000001,
    "medianResTime" : 75.5,
    "minResTime" : 59.0,
    "maxResTime" : 2644.0,
    "pct1ResTime" : 356.90000000000003,
    "pct2ResTime" : 514.1999999999994,
    "pct3ResTime" : 2219.130000000002,
    "throughput" : 38.88024883359253,
    "receivedKBytesPerSec" : 47.83143893370917,
    "sentKBytesPerSec" : 7.100201691290824
  },
  "Bangladesh Data" : {
    "transaction" : "Bangladesh Data",
    "sampleCount" : 100,
    "errorCount" : 0,
    "errorPct" : 0.0,
    "meanResTime" : 578.8299999999997,
    "medianResTime" : 323.5,
    "minResTime" : 263.0,
    "maxResTime" : 2644.0,
    "pct1ResTime" : 1524.8,
    "pct2ResTime" : 2027.6499999999985,
    "pct3ResTime" : 2642.539999999999,
    "throughput" : 9.955201592832253,
    "receivedKBytesPerSec" : 13.66895843703335,
    "sentKBytesPerSec" : 1.8860440517670483
  },
  "Pakistan Data" : {
    "transaction" : "Pakistan Data",
    "sampleCount" : 100,
    "errorCount" : 0,
    "errorPct" : 0.0,
    "meanResTime" : 80.46000000000001,
    "medianResTime" : 71.0,
    "minResTime" : 60.0,
    "maxResTime" : 218.0,
    "pct1ResTime" : 115.80000000000001,
    "pct2ResTime" : 132.89999999999998,
    "pct3ResTime" : 217.6099999999998,
    "throughput" : 12.72426517368622,
    "receivedKBytesPerSec" : 15.08521281333503,
    "sentKBytesPerSec" : 2.2863913983967428
  },
  "Russian  Data" : {
    "transaction" : "Russian  Data",
    "sampleCount" : 100,
    "errorCount" : 0,
    "errorPct" : 0.0,
    "meanResTime" : 82.30999999999999,
    "medianResTime" : 70.5,
    "minResTime" : 59.0,
    "maxResTime" : 233.0,
    "pct1ResTime" : 116.9,
    "pct2ResTime" : 124.84999999999997,
    "pct3ResTime" : 232.8099999999999,
    "throughput" : 12.661433274246644,
    "receivedKBytesPerSec" : 14.998357970372247,
    "sentKBytesPerSec" : 2.250371929602431
  }
}